-- Insert admins
INSERT INTO _user (id, first_name, last_name, email, password, dob, role, created_at, updated_at) VALUES
('09929187-917d-4c00-9c28-48ebc60765d8', 'Mark', 'Petros', 'petros@mail.com', '$2a$10$a96z5icRtcAqR1x/AWyOYOt4KmlnNvc2FIM8U928uM9dAYMXQWZcK', '1980-01-09', 'ADMINISTRATOR', CURRENT_TIMESTAMP, CURRENT_TIMESTAMP),
('05911e50-a0c2-4dcd-ae6a-4f6405e0137f', 'Sam', 'Marconi', 'sam@mail.com', '$2a$10$a96z5icRtcAqR1x/AWyOYOt4KmlnNvc2FIM8U928uM9dAYMXQWZcK', '1985-11-12', 'ADMINISTRATOR', CURRENT_TIMESTAMP, CURRENT_TIMESTAMP);

-- Insert APPLICANTs
INSERT INTO _user (id, first_name, last_name, email, password, dob, role, created_at, updated_at) VALUES
('ba55c96b-8969-4266-b931-e8f29976159c', 'John', 'Doe', 'johndoe@mail.com', '$2a$10$a96z5icRtcAqR1x/AWyOYOt4KmlnNvc2FIM8U928uM9dAYMXQWZcK', '1990-10-02', 'APPLICANT', CURRENT_TIMESTAMP, CURRENT_TIMESTAMP),
('be88d009-e705-4859-a934-83d92a0e2816', 'Bob', 'Philippe', 'bob@mail.com', '$2a$10$a96z5icRtcAqR1x/AWyOYOt4KmlnNvc2FIM8U928uM9dAYMXQWZcK', '1992-06-05', 'APPLICANT', CURRENT_TIMESTAMP, CURRENT_TIMESTAMP),
('268f0f97-4039-41e2-8267-e8ce5ef65463', 'Mikey', 'Doe', 'doemikey@mail.com', '$2a$10$a96z5icRtcAqR1x/AWyOYOt4KmlnNvc2FIM8U928uM9dAYMXQWZcK', '1994-04-07', 'APPLICANT', CURRENT_TIMESTAMP, CURRENT_TIMESTAMP),
('5f415676-b133-4243-8002-7a7745432cf3', 'Jean', 'Grey', 'greyj@mail.com', '$2a$10$a96z5icRtcAqR1x/AWyOYOt4KmlnNvc2FIM8U928uM9dAYMXQWZcK', '1996-02-09', 'APPLICANT', CURRENT_TIMESTAMP, CURRENT_TIMESTAMP);

-- Insert races
INSERT INTO race (id, name, distance, created_at, updated_at) VALUES
('3ea17f4a-00f8-4112-a728-0620962c3f2a', 'Spring 5k', 'FIVEKM', CURRENT_TIMESTAMP, CURRENT_TIMESTAMP),
('309f6552-bd5b-4528-b36d-b3c9c9f0ab4f', 'Summer 5k', 'FIVEKM', CURRENT_TIMESTAMP, CURRENT_TIMESTAMP),
('894bb7c1-66fc-41a1-a67e-f18629a2a122', 'Autumn 5k', 'FIVEKM', CURRENT_TIMESTAMP, CURRENT_TIMESTAMP),
('d21ba4b4-737d-4cd6-8516-a82a984d934c', 'Winter 5k', 'FIVEKM', CURRENT_TIMESTAMP, CURRENT_TIMESTAMP),
('a9bea2a5-74e2-43ae-816d-3190a0991ca0', 'Spring 10k', 'TENKM', CURRENT_TIMESTAMP, CURRENT_TIMESTAMP),
('6a8973a8-d015-446d-81cd-141c47f7132d', 'Summer 10k', 'TENKM', CURRENT_TIMESTAMP, CURRENT_TIMESTAMP),
('0ab52543-0dc2-4aa5-8f3d-fb7f1ef26e39', 'Autumn 10k', 'TENKM', CURRENT_TIMESTAMP, CURRENT_TIMESTAMP),
('10670d5f-bcb8-40a6-a776-80131f9579f8', 'Winter 10k', 'TENKM', CURRENT_TIMESTAMP, CURRENT_TIMESTAMP);

-- Insert applications
INSERT INTO application (id, club, race_id, user_id, created_at, updated_at) VALUES
('84094138-a0dd-425b-93cc-c15a2eca4d27', 'RCA', '3ea17f4a-00f8-4112-a728-0620962c3f2a', 'ba55c96b-8969-4266-b931-e8f29976159c', CURRENT_TIMESTAMP, CURRENT_TIMESTAMP),
('38303835-785c-4ee1-bb43-eb71dd591a25', 'Runners', '3ea17f4a-00f8-4112-a728-0620962c3f2a', 'be88d009-e705-4859-a934-83d92a0e2816', CURRENT_TIMESTAMP, CURRENT_TIMESTAMP),
('8c27ff09-a48a-431e-b705-2e76c347d144', 'RCA', '309f6552-bd5b-4528-b36d-b3c9c9f0ab4f', '268f0f97-4039-41e2-8267-e8ce5ef65463', CURRENT_TIMESTAMP, CURRENT_TIMESTAMP),
('4d38545d-cd87-4554-ba4b-29cee8223d6d', 'RCA', '309f6552-bd5b-4528-b36d-b3c9c9f0ab4f', '5f415676-b133-4243-8002-7a7745432cf3', CURRENT_TIMESTAMP, CURRENT_TIMESTAMP),
('1a4fa123-7911-4e23-9f60-e5577335c4f1', 'Running Club', '894bb7c1-66fc-41a1-a67e-f18629a2a122', 'ba55c96b-8969-4266-b931-e8f29976159c', CURRENT_TIMESTAMP, CURRENT_TIMESTAMP),
('f60eb987-35c8-4a14-9e1d-da1f405cac4e', 'Running Club', '894bb7c1-66fc-41a1-a67e-f18629a2a122', 'be88d009-e705-4859-a934-83d92a0e2816', CURRENT_TIMESTAMP, CURRENT_TIMESTAMP),
('00b104ad-45e6-4543-af23-c1924a3f48f5', 'Running Club', 'd21ba4b4-737d-4cd6-8516-a82a984d934c', '268f0f97-4039-41e2-8267-e8ce5ef65463', CURRENT_TIMESTAMP, CURRENT_TIMESTAMP),
('972db8b6-c9d4-4cf5-9bb9-e485a913f9ee', 'BAC', 'd21ba4b4-737d-4cd6-8516-a82a984d934c', '5f415676-b133-4243-8002-7a7745432cf3', CURRENT_TIMESTAMP, CURRENT_TIMESTAMP),
('64237fe0-3c02-458c-85e8-d250dcd1e11f', 'Runners', 'a9bea2a5-74e2-43ae-816d-3190a0991ca0', 'ba55c96b-8969-4266-b931-e8f29976159c', CURRENT_TIMESTAMP, CURRENT_TIMESTAMP),
('1bc18e66-8160-42ac-a830-f016f1a20cb0', 'Runners', 'a9bea2a5-74e2-43ae-816d-3190a0991ca0', 'be88d009-e705-4859-a934-83d92a0e2816', CURRENT_TIMESTAMP, CURRENT_TIMESTAMP),
('19ffcc21-a2c8-4907-9744-be2411d099ba', 'BAC', '6a8973a8-d015-446d-81cd-141c47f7132d', '268f0f97-4039-41e2-8267-e8ce5ef65463', CURRENT_TIMESTAMP, CURRENT_TIMESTAMP),
('9df07f5b-85d4-43af-b076-a1b20c41b3e4', 'BAC', '6a8973a8-d015-446d-81cd-141c47f7132d', '5f415676-b133-4243-8002-7a7745432cf3', CURRENT_TIMESTAMP, CURRENT_TIMESTAMP),
('2b35381e-a4b3-4101-87b2-55ef478f29c1', 'Clubbing', '0ab52543-0dc2-4aa5-8f3d-fb7f1ef26e39', 'ba55c96b-8969-4266-b931-e8f29976159c', CURRENT_TIMESTAMP, CURRENT_TIMESTAMP),
('e70a2966-2746-44e1-a2c6-fc21d69e2be0', 'Clubbing', '0ab52543-0dc2-4aa5-8f3d-fb7f1ef26e39', 'be88d009-e705-4859-a934-83d92a0e2816', CURRENT_TIMESTAMP, CURRENT_TIMESTAMP),
('1604466f-1579-4682-b6cf-49e6e54907ae', 'Clubbing', '10670d5f-bcb8-40a6-a776-80131f9579f8', '268f0f97-4039-41e2-8267-e8ce5ef65463', CURRENT_TIMESTAMP, CURRENT_TIMESTAMP),
('bd1e72ca-4da4-4704-868e-f13300ae9862', 'BAC', '10670d5f-bcb8-40a6-a776-80131f9579f8', '5f415676-b133-4243-8002-7a7745432cf3', CURRENT_TIMESTAMP, CURRENT_TIMESTAMP);
